Date,Symbol,Entry Time,Entry Price,Exit Time,Exit Price,PnL,Result
2025-01-21,NQH5,2025-01-21 09:54:00-05:00,21589.5,2025-01-21 12:27:00-05:00,21689.5,-800.0,Loss
2025-01-22,NQH5,2025-01-22 09:49:00-05:00,21981.75,2025-01-22 12:01:00-05:00,22081.75,800.0,Win
2025-01-23,NQH5,2025-01-23 09:49:00-05:00,21916.0,2025-01-23 15:54:00-05:00,22005.75,718.0,Win
2025-01-24,NQH5,2025-01-24 09:45:00-05:00,22052.5,2025-01-24 12:54:00-05:00,21952.5,-800.0,Loss
2025-01-27,NQH5,2025-01-27 09:47:00-05:00,21303.0,2025-01-27 10:34:00-05:00,21403.0,800.0,Win
2025-01-28,NQH5,2025-01-28 09:47:00-05:00,21172.75,2025-01-28 09:56:00-05:00,21272.75,-800.0,Loss
2025-01-29,NQH5,2025-01-29 09:45:00-05:00,21498.75,2025-01-29 13:03:00-05:00,21398.75,800.0,Win
2025-01-30,NQH5,2025-01-30 09:46:00-05:00,21668.75,2025-01-30 10:04:00-05:00,21568.75,-800.0,Loss
2025-01-31,NQH5,2025-01-31 09:52:00-05:00,21838.5,2025-01-31 10:36:00-05:00,21938.5,800.0,Win
2025-02-03,NQH5,2025-02-03 09:53:00-05:00,21177.5,2025-02-03 10:24:00-05:00,21277.5,-800.0,Loss
2025-02-04,NQH5,2025-02-04 09:50:00-05:00,21523.25,2025-02-04 10:08:00-05:00,21623.25,800.0,Win
2025-02-05,NQH5,2025-02-05 09:48:00-05:00,21588.0,2025-02-05 11:50:00-05:00,21688.0,800.0,Win
2025-02-06,NQH5,2025-02-06 09:45:00-05:00,21789.5,2025-02-06 15:54:00-05:00,21865.5,608.0,Win
2025-02-07,NQH5,2025-02-07 10:00:00-05:00,21869.75,2025-02-07 10:02:00-05:00,21769.75,800.0,Win
2025-02-10,NQH5,2025-02-10 09:45:00-05:00,21803.0,2025-02-10 15:54:00-05:00,21852.75,398.00000000000006,Win
2025-02-11,NQH5,2025-02-11 09:52:00-05:00,21796.5,2025-02-11 15:54:00-05:00,21779.5,-136.0,Loss
2025-02-12,NQH5,2025-02-12 09:46:00-05:00,21667.75,2025-02-12 10:38:00-05:00,21767.75,800.0,Win
2025-02-13,NQH5,2025-02-13 10:02:00-05:00,21951.0,2025-02-13 10:43:00-05:00,22051.0,800.0,Win
2025-02-14,NQH5,2025-02-14 09:51:00-05:00,22138.0,2025-02-14 15:54:00-05:00,22214.25,610.0,Win
2025-02-17,NQH5,2025-02-17 11:02:00-05:00,22243.0,2025-02-17 12:59:00-05:00,22235.25,-62.0,Loss
2025-02-18,NQH5,2025-02-18 09:45:00-05:00,22214.0,2025-02-18 14:08:00-05:00,22114.0,800.0,Win
2025-02-19,NQH5,2025-02-19 09:49:00-05:00,22172.5,2025-02-19 14:15:00-05:00,22272.5,-800.0,Loss
2025-02-20,NQH5,2025-02-20 09:45:00-05:00,22164.5,2025-02-20 09:53:00-05:00,22064.5,800.0,Win
2025-02-21,NQH5,2025-02-21 09:50:00-05:00,22097.75,2025-02-21 10:28:00-05:00,21997.75,800.0,Win
2025-02-24,NQH5,2025-02-24 09:49:00-05:00,21684.0,2025-02-24 09:57:00-05:00,21584.0,800.0,Win
2025-02-25,NQH5,2025-02-25 09:45:00-05:00,21310.75,2025-02-25 09:53:00-05:00,21210.75,800.0,Win
2025-02-26,NQH5,2025-02-26 09:49:00-05:00,21274.0,2025-02-26 11:01:00-05:00,21374.0,800.0,Win
2025-02-27,NQH5,2025-02-27 09:48:00-05:00,21170.25,2025-02-27 09:54:00-05:00,21070.25,800.0,Win
2025-02-28,NQH5,2025-02-28 10:02:00-05:00,20645.0,2025-02-28 10:28:00-05:00,20745.0,800.0,Win
2025-03-03,NQH5,2025-03-03 09:45:00-05:00,20942.75,2025-03-03 09:57:00-05:00,20842.75,800.0,Win
2025-03-04,NQH5,2025-03-04 09:59:00-05:00,20260.0,2025-03-04 10:16:00-05:00,20160.0,800.0,Win
2025-03-05,NQH5,2025-03-05 09:56:00-05:00,20313.75,2025-03-05 10:00:00-05:00,20413.75,-800.0,Loss
2025-03-06,NQH5,2025-03-06 09:50:00-05:00,20319.75,2025-03-06 10:08:00-05:00,20419.75,800.0,Win
2025-03-07,NQH5,2025-03-07 09:48:00-05:00,20191.25,2025-03-07 10:00:00-05:00,20091.25,-800.0,Loss
2025-03-10,NQH5,2025-03-10 09:52:00-04:00,19787.5,2025-03-10 10:10:00-04:00,19687.5,800.0,Win
2025-03-11,NQH5,2025-03-11 09:48:00-04:00,19552.75,2025-03-11 10:02:00-04:00,19452.75,-800.0,Loss
2025-03-12,NQH5,2025-03-12 09:48:00-04:00,19666.5,2025-03-12 10:32:00-04:00,19566.5,800.0,Win
2025-03-13,NQH5,2025-03-13 09:45:00-04:00,19471.0,2025-03-13 09:56:00-04:00,19371.0,800.0,Win
2025-03-14,NQH5,2025-03-14 09:49:00-04:00,19600.5,2025-03-14 10:00:00-04:00,19500.5,-800.0,Loss
2025-03-17,NQH5,2025-03-17 10:36:00-04:00,19683.25,2025-03-17 13:36:00-04:00,19783.25,-800.0,Loss
2025-03-18,NQM5,2025-03-18 09:45:00-04:00,19708.5,2025-03-18 11:03:00-04:00,19608.5,800.0,Win
2025-03-19,NQM5,2025-03-19 09:54:00-04:00,19814.75,2025-03-19 11:50:00-04:00,19914.75,800.0,Win
2025-03-20,NQM5,2025-03-20 09:45:00-04:00,19907.5,2025-03-20 10:03:00-04:00,20007.5,800.0,Win
2025-03-21,NQM5,2025-03-21 09:48:00-04:00,19711.5,2025-03-21 11:00:00-04:00,19811.5,800.0,Win
2025-03-24,NQM5,2025-03-24 09:45:00-04:00,20293.0,2025-03-24 15:54:00-04:00,20393.0,800.0,Win
2025-03-25,NQM5,2025-03-25 09:48:00-04:00,20369.0,2025-03-25 10:40:00-04:00,20469.0,-800.0,Loss
2025-03-26,NQM5,2025-03-26 09:47:00-04:00,20413.0,2025-03-26 09:57:00-04:00,20313.0,800.0,Win
2025-03-27,NQM5,2025-03-27 09:54:00-04:00,20072.25,2025-03-27 10:53:00-04:00,20172.25,800.0,Win
2025-03-28,NQM5,2025-03-28 10:00:00-04:00,19840.0,2025-03-28 10:11:00-04:00,19740.0,800.0,Win
2025-03-31,NQM5,2025-03-31 09:45:00-04:00,19003.75,2025-03-31 09:56:00-04:00,19103.75,-800.0,Loss
2025-04-01,NQM5,2025-04-01 09:47:00-04:00,19433.0,2025-04-01 10:07:00-04:00,19333.0,-800.0,Loss
2025-04-02,NQM5,2025-04-02 09:45:00-04:00,19533.75,2025-04-02 10:58:00-04:00,19633.75,800.0,Win
2025-04-03,NQM5,2025-04-03 10:04:00-04:00,18911.25,2025-04-03 10:46:00-04:00,18811.25,800.0,Win
2025-04-04,NQM5,2025-04-04 09:45:00-04:00,18008.25,2025-04-04 09:46:00-04:00,18108.25,-800.0,Loss
2025-04-07,NQM5,2025-04-07 09:50:00-04:00,16980.0,2025-04-07 09:52:00-04:00,17080.0,800.0,Win
2025-04-08,NQM5,2025-04-08 09:46:00-04:00,18202.0,2025-04-08 09:50:00-04:00,18102.0,-800.0,Loss
2025-04-09,NQM5,2025-04-09 10:00:00-04:00,17554.0,2025-04-09 10:00:00-04:00,17454.0,-800.0,Loss
2025-04-10,NQM5,2025-04-10 09:58:00-04:00,18679.75,2025-04-10 10:12:00-04:00,18579.75,800.0,Win
2025-04-11,NQM5,2025-04-11 09:46:00-04:00,18570.0,2025-04-11 10:02:00-04:00,18470.0,-800.0,Loss
2025-04-14,NQM5,2025-04-14 09:47:00-04:00,18996.0,2025-04-14 09:51:00-04:00,19096.0,-800.0,Loss
2025-04-15,NQM5,2025-04-15 09:48:00-04:00,19086.0,2025-04-15 10:19:00-04:00,18986.0,-800.0,Loss
2025-04-16,NQM5,2025-04-16 09:51:00-04:00,18573.25,2025-04-16 11:23:00-04:00,18673.25,-800.0,Loss
2025-04-17,NQM5,2025-04-17 09:46:00-04:00,18382.5,2025-04-17 09:51:00-04:00,18482.5,-800.0,Loss
2025-04-21,NQM5,2025-04-21 09:47:00-04:00,18060.75,2025-04-21 10:02:00-04:00,17960.75,800.0,Win
2025-04-22,NQM5,2025-04-22 09:45:00-04:00,18214.0,2025-04-22 10:39:00-04:00,18314.0,800.0,Win
2025-04-23,NQM5,2025-04-23 09:51:00-04:00,19112.5,2025-04-23 09:55:00-04:00,19012.5,-800.0,Loss
2025-04-24,NQM5,2025-04-24 09:45:00-04:00,18963.5,2025-04-24 10:00:00-04:00,19063.5,800.0,Win
2025-04-25,NQM5,2025-04-25 09:51:00-04:00,19256.0,2025-04-25 10:07:00-04:00,19356.0,-800.0,Loss
2025-04-28,NQM5,2025-04-28 09:45:00-04:00,19599.25,2025-04-28 09:57:00-04:00,19499.25,-800.0,Loss
2025-04-29,NQM5,2025-04-29 09:45:00-04:00,19477.75,2025-04-29 10:05:00-04:00,19577.75,800.0,Win
2025-04-30,NQM5,2025-04-30 09:56:00-04:00,19135.0,2025-04-30 10:13:00-04:00,19235.0,-800.0,Loss
2025-05-01,NQM5,2025-05-01 09:51:00-04:00,19990.75,2025-05-01 09:59:00-04:00,19890.75,-800.0,Loss
2025-05-02,NQM5,2025-05-02 09:52:00-04:00,20031.0,2025-05-02 10:03:00-04:00,20131.0,-800.0,Loss
2025-05-05,NQM5,2025-05-05 09:48:00-04:00,20053.25,2025-05-05 13:50:00-04:00,20153.25,800.0,Win
2025-05-06,NQM5,2025-05-06 09:51:00-04:00,19779.75,2025-05-06 10:20:00-04:00,19879.75,-800.0,Loss
2025-05-07,NQM5,2025-05-07 09:48:00-04:00,19934.75,2025-05-07 10:55:00-04:00,19834.75,-800.0,Loss
2025-05-08,NQM5,2025-05-08 09:47:00-04:00,20097.75,2025-05-08 10:54:00-04:00,19997.75,800.0,Win
2025-05-09,NQM5,2025-05-09 09:45:00-04:00,20221.5,2025-05-09 10:27:00-04:00,20121.5,800.0,Win
2025-05-12,NQM5,2025-05-12 10:28:00-04:00,20746.5,2025-05-12 12:43:00-04:00,20846.5,-800.0,Loss
2025-05-13,NQM5,2025-05-13 09:50:00-04:00,21080.5,2025-05-13 10:13:00-04:00,21180.5,800.0,Win
2025-05-14,NQM5,2025-05-14 09:46:00-04:00,21314.25,2025-05-14 12:33:00-04:00,21414.25,-800.0,Loss
2025-05-15,NQM5,2025-05-15 09:46:00-04:00,21277.75,2025-05-15 11:11:00-04:00,21377.75,-800.0,Loss
2025-05-16,NQM5,2025-05-16 10:34:00-04:00,21388.25,2025-05-16 14:45:00-04:00,21488.25,-800.0,Loss
2025-05-19,NQM5,2025-05-19 09:45:00-04:00,21333.75,2025-05-19 10:07:00-04:00,21433.75,800.0,Win
2025-05-20,NQM5,2025-05-20 09:47:00-04:00,21391.25,2025-05-20 15:54:00-04:00,21432.5,-330.0,Loss
2025-05-21,NQM5,2025-05-21 09:46:00-04:00,21372.5,2025-05-21 11:04:00-04:00,21472.5,800.0,Win
2025-05-22,NQM5,2025-05-22 09:52:00-04:00,21219.5,2025-05-22 10:04:00-04:00,21319.5,800.0,Win
2025-05-23,NQM5,2025-05-23 10:12:00-04:00,20953.75,2025-05-23 13:18:00-04:00,21053.75,800.0,Win
2025-05-26,NQM5,2025-05-26 10:30:00-04:00,21258.75,2025-05-26 12:59:00-04:00,21283.5,-198.0,Loss
2025-05-27,NQM5,2025-05-27 09:55:00-04:00,21284.5,2025-05-27 10:32:00-04:00,21384.5,800.0,Win
2025-05-28,NQM5,2025-05-28 09:48:00-04:00,21490.5,2025-05-28 15:50:00-04:00,21390.5,800.0,Win
2025-05-29,NQM5,2025-05-29 09:45:00-04:00,21522.75,2025-05-29 10:07:00-04:00,21422.75,800.0,Win
2025-05-30,NQM5,2025-05-30 09:45:00-04:00,21295.25,2025-05-30 10:37:00-04:00,21395.25,-800.0,Loss
2025-06-02,NQM5,2025-06-02 10:00:00-04:00,21286.75,2025-06-02 10:34:00-04:00,21386.75,-800.0,Loss
2025-06-03,NQM5,2025-06-03 09:48:00-04:00,21595.75,2025-06-03 12:15:00-04:00,21695.75,800.0,Win
2025-06-04,NQM5,2025-06-04 10:00:00-04:00,21716.75,2025-06-04 15:54:00-04:00,21760.25,-348.00000000000006,Loss
2025-06-05,NQM5,2025-06-05 09:45:00-04:00,21735.25,2025-06-05 10:41:00-04:00,21835.25,-800.0,Loss
2025-06-06,NQM5,2025-06-06 09:45:00-04:00,21852.0,2025-06-06 11:20:00-04:00,21752.0,-800.0,Loss
2025-06-09,NQM5,2025-06-09 09:52:00-04:00,21815.0,2025-06-09 15:54:00-04:00,21823.25,66.0,Win
2025-06-10,NQM5,2025-06-10 09:52:00-04:00,21886.5,2025-06-10 11:32:00-04:00,21786.5,-800.0,Loss
2025-06-11,NQM5,2025-06-11 09:46:00-04:00,21959.0,2025-06-11 10:55:00-04:00,22059.0,-800.0,Loss
2025-06-12,NQM5,2025-06-12 09:48:00-04:00,21884.5,2025-06-12 15:54:00-04:00,21907.25,182.0,Win
2025-06-13,NQM5,2025-06-13 09:51:00-04:00,21788.0,2025-06-13 10:11:00-04:00,21688.0,-800.0,Loss
2025-06-16,NQU5,2025-06-16 09:45:00-04:00,22099.0,2025-06-16 10:28:00-04:00,22199.0,800.0,Win
2025-06-17,NQU5,2025-06-17 09:45:00-04:00,22029.0,2025-06-17 10:14:00-04:00,22129.0,-800.0,Loss
2025-06-18,NQU5,2025-06-18 09:47:00-04:00,21995.5,2025-06-18 10:35:00-04:00,22095.5,800.0,Win
2025-06-19,NQU5,2025-06-19 09:46:00-04:00,21712.5,2025-06-19 12:59:00-04:00,21703.0,76.0,Win
2025-06-20,NQU5,2025-06-20 09:51:00-04:00,22040.0,2025-06-20 10:24:00-04:00,21940.0,800.0,Win
2025-06-23,NQU5,2025-06-23 09:45:00-04:00,21885.75,2025-06-23 10:06:00-04:00,21985.75,800.0,Win
2025-06-24,NQU5,2025-06-24 09:46:00-04:00,22327.5,2025-06-24 14:01:00-04:00,22427.5,800.0,Win
2025-06-25,NQU5,2025-06-25 09:50:00-04:00,22493.0,2025-06-25 13:40:00-04:00,22393.0,800.0,Win
2025-06-26,NQU5,2025-06-26 09:48:00-04:00,22495.0,2025-06-26 10:31:00-04:00,22595.0,-800.0,Loss
2025-06-27,NQU5,2025-06-27 09:45:00-04:00,22742.75,2025-06-27 14:38:00-04:00,22642.75,-800.0,Loss
2025-06-30,NQU5,2025-06-30 09:48:00-04:00,22804.75,2025-06-30 15:50:00-04:00,22904.75,-800.0,Loss
2025-07-01,NQU5,2025-07-01 09:48:00-04:00,22821.25,2025-07-01 10:39:00-04:00,22721.25,-800.0,Loss
2025-07-02,NQU5,2025-07-02 09:45:00-04:00,22708.25,2025-07-02 10:36:00-04:00,22808.25,800.0,Win
2025-07-03,NQU5,2025-07-03 09:51:00-04:00,22985.75,2025-07-03 11:25:00-04:00,23085.75,800.0,Win
2025-07-04,NQU5,2025-07-04 09:46:00-04:00,22930.0,2025-07-04 12:59:00-04:00,22906.75,-186.0,Loss
2025-07-07,NQU5,2025-07-07 09:52:00-04:00,22975.75,2025-07-07 12:20:00-04:00,22875.75,-800.0,Loss
2025-07-08,NQU5,2025-07-08 09:59:00-04:00,22889.5,2025-07-08 15:54:00-04:00,22895.5,-48.00000000000001,Loss
2025-07-09,NQU5,2025-07-09 09:45:00-04:00,23064.5,2025-07-09 10:36:00-04:00,22964.5,-800.0,Loss
2025-07-10,NQU5,2025-07-10 09:45:00-04:00,23021.75,2025-07-10 10:01:00-04:00,22921.75,800.0,Win
2025-07-11,NQU5,2025-07-11 09:45:00-04:00,22871.0,2025-07-11 10:07:00-04:00,22971.0,-800.0,Loss
2025-07-14,NQU5,2025-07-14 09:45:00-04:00,22853.0,2025-07-14 10:16:00-04:00,22953.0,-800.0,Loss
2025-07-15,NQU5,2025-07-15 10:00:00-04:00,23123.0,2025-07-15 15:54:00-04:00,23090.5,260.0,Win
2025-07-16,NQU5,2025-07-16 09:49:00-04:00,23000.75,2025-07-16 11:22:00-04:00,22900.75,800.0,Win
2025-07-17,NQU5,2025-07-17 09:45:00-04:00,23128.5,2025-07-17 11:05:00-04:00,23228.5,800.0,Win
2025-07-18,NQU5,2025-07-18 09:52:00-04:00,23257.25,2025-07-18 15:54:00-04:00,23224.0,266.0,Win
2025-07-21,NQU5,2025-07-21 09:45:00-04:00,23348.75,2025-07-21 15:54:00-04:00,23345.5,-26.0,Loss
2025-07-22,NQU5,2025-07-22 09:45:00-04:00,23259.0,2025-07-22 09:53:00-04:00,23159.0,800.0,Win
2025-07-23,NQU5,2025-07-23 09:45:00-04:00,23183.0,2025-07-23 11:54:00-04:00,23283.0,-800.0,Loss
2025-07-24,NQU5,2025-07-24 09:48:00-04:00,23399.5,2025-07-24 10:13:00-04:00,23299.5,-800.0,Loss
2025-07-25,NQU5,2025-07-25 09:48:00-04:00,23378.25,2025-07-25 15:54:00-04:00,23422.5,354.0,Win
2025-07-28,NQU5,2025-07-28 09:45:00-04:00,23505.0,2025-07-28 15:54:00-04:00,23478.25,-214.00000000000003,Loss
2025-07-29,NQU5,2025-07-29 09:49:00-04:00,23592.0,2025-07-29 11:23:00-04:00,23492.0,800.0,Win
2025-07-30,NQU5,2025-07-30 09:45:00-04:00,23510.0,2025-07-30 14:59:00-04:00,23410.0,-800.0,Loss
2025-07-31,NQU5,2025-07-31 09:45:00-04:00,23620.25,2025-07-31 11:11:00-04:00,23520.25,800.0,Win
2025-08-01,NQU5,2025-08-01 09:45:00-04:00,22918.0,2025-08-01 10:00:00-04:00,22818.0,800.0,Win
2025-08-04,NQU5,2025-08-04 09:45:00-04:00,23197.0,2025-08-04 15:16:00-04:00,23297.0,800.0,Win
2025-08-05,NQU5,2025-08-05 09:45:00-04:00,23363.0,2025-08-05 10:27:00-04:00,23263.0,-800.0,Loss
2025-08-06,NQU5,2025-08-06 09:48:00-04:00,23228.25,2025-08-06 11:27:00-04:00,23328.25,800.0,Win
2025-08-07,NQU5,2025-08-07 09:45:00-04:00,23582.0,2025-08-07 11:49:00-04:00,23482.0,800.0,Win
2025-08-08,NQU5,2025-08-08 09:45:00-04:00,23614.25,2025-08-08 14:00:00-04:00,23714.25,800.0,Win
2025-08-11,NQU5,2025-08-11 09:57:00-04:00,23738.25,2025-08-11 15:46:00-04:00,23638.25,-800.0,Loss
2025-08-12,NQU5,2025-08-12 09:48:00-04:00,23710.25,2025-08-12 11:07:00-04:00,23810.25,-800.0,Loss
2025-08-13,NQU5,2025-08-13 09:45:00-04:00,24028.75,2025-08-13 11:05:00-04:00,23928.75,800.0,Win
2025-08-14,NQU5,2025-08-14 09:45:00-04:00,23924.0,2025-08-14 15:54:00-04:00,23953.5,236.0,Win
2025-08-15,NQU5,2025-08-15 09:45:00-04:00,23835.0,2025-08-15 11:44:00-04:00,23735.0,800.0,Win
2025-08-18,NQU5,2025-08-18 09:51:00-04:00,23768.0,2025-08-18 15:54:00-04:00,23812.75,-358.00000000000006,Loss
2025-08-19,NQU5,2025-08-19 09:46:00-04:00,23660.0,2025-08-19 10:48:00-04:00,23560.0,800.0,Win
2025-08-20,NQU5,2025-08-20 09:45:00-04:00,23322.25,2025-08-20 09:51:00-04:00,23222.25,800.0,Win
2025-08-21,NQU5,2025-08-21 09:45:00-04:00,23199.25,2025-08-21 10:13:00-04:00,23299.25,-800.0,Loss
2025-08-22,NQU5,2025-08-22 09:45:00-04:00,23324.0,2025-08-22 10:00:00-04:00,23424.0,800.0,Win
2025-08-25,NQU5,2025-08-25 09:59:00-04:00,23518.25,2025-08-25 15:54:00-04:00,23540.25,176.0,Win
2025-08-26,NQU5,2025-08-26 09:46:00-04:00,23463.25,2025-08-26 15:21:00-04:00,23563.25,-800.0,Loss
2025-08-27,NQU5,2025-08-27 09:45:00-04:00,23513.5,2025-08-27 10:40:00-04:00,23613.5,-800.0,Loss
2025-08-28,NQU5,2025-08-28 09:50:00-04:00,23629.75,2025-08-28 10:56:00-04:00,23729.75,-800.0,Loss
2025-08-29,NQU5,2025-08-29 09:45:00-04:00,23588.0,2025-08-29 10:04:00-04:00,23488.0,800.0,Win
2025-09-01,NQU5,2025-09-01 09:46:00-04:00,23484.0,2025-09-01 12:59:00-04:00,23502.25,146.0,Win
2025-09-02,NQU5,2025-09-02 09:46:00-04:00,23177.75,2025-09-02 10:00:00-04:00,23277.75,800.0,Win
2025-09-03,NQU5,2025-09-03 09:48:00-04:00,23371.75,2025-09-03 10:26:00-04:00,23471.75,-800.0,Loss
2025-09-04,NQU5,2025-09-04 10:02:00-04:00,23457.25,2025-09-04 12:48:00-04:00,23557.25,-800.0,Loss
2025-09-05,NQU5,2025-09-05 10:00:00-04:00,23821.75,2025-09-05 10:18:00-04:00,23721.75,800.0,Win
2025-09-08,NQU5,2025-09-08 09:49:00-04:00,23849.0,2025-09-08 15:54:00-04:00,23795.5,-428.00000000000006,Loss
2025-09-09,NQU5,2025-09-09 09:51:00-04:00,23815.75,2025-09-09 15:54:00-04:00,23870.75,-440.0,Loss
2025-09-10,NQU5,2025-09-10 09:45:00-04:00,23917.75,2025-09-10 15:12:00-04:00,23817.75,800.0,Win
2025-09-11,NQU5,2025-09-11 09:45:00-04:00,23911.0,2025-09-11 10:39:00-04:00,24011.0,-800.0,Loss
2025-09-12,NQU5,2025-09-12 10:21:00-04:00,24064.5,2025-09-12 15:54:00-04:00,24132.75,546.0,Win
2025-09-15,NQZ5,2025-09-15 09:49:00-04:00,24468.5,2025-09-15 15:54:00-04:00,24528.75,482.0,Win
2025-09-16,NQZ5,2025-09-16 09:45:00-04:00,24551.75,2025-09-16 15:54:00-04:00,24541.25,84.0,Win
2025-09-17,NQZ5,2025-09-17 09:45:00-04:00,24466.0,2025-09-17 14:13:00-04:00,24366.0,800.0,Win
2025-09-18,NQZ5,2025-09-18 09:45:00-04:00,24623.75,2025-09-18 10:03:00-04:00,24723.75,-800.0,Loss
2025-09-19,NQZ5,2025-09-19 09:49:00-04:00,24783.25,2025-09-19 15:54:00-04:00,24872.75,716.0000000000001,Win
2025-09-22,NQZ5,2025-09-22 09:48:00-04:00,24856.75,2025-09-22 12:14:00-04:00,24956.75,800.0,Win
2025-09-23,NQZ5,2025-09-23 09:55:00-04:00,24942.75,2025-09-23 13:36:00-04:00,24842.75,800.0,Win
2025-09-24,NQZ5,2025-09-24 09:48:00-04:00,24823.25,2025-09-24 11:50:00-04:00,24723.25,800.0,Win
2025-09-25,NQZ5,2025-09-25 10:10:00-04:00,24578.75,2025-09-25 11:41:00-04:00,24678.75,800.0,Win
2025-09-26,NQZ5,2025-09-26 09:50:00-04:00,24712.5,2025-09-26 10:07:00-04:00,24612.5,-800.0,Loss
2025-09-29,NQZ5,2025-09-29 09:45:00-04:00,24917.25,2025-09-29 13:02:00-04:00,24817.25,-800.0,Loss
2025-09-30,NQZ5,2025-09-30 09:54:00-04:00,24741.5,2025-09-30 10:55:00-04:00,24841.5,-800.0,Loss
2025-10-01,NQZ5,2025-10-01 09:49:00-04:00,24742.75,2025-10-01 10:18:00-04:00,24842.75,-800.0,Loss
2025-10-02,NQZ5,2025-10-02 09:45:00-04:00,25036.25,2025-10-02 15:54:00-04:00,25105.0,-550.0,Loss
2025-10-03,NQZ5,2025-10-03 09:53:00-04:00,25165.5,2025-10-03 10:01:00-04:00,25065.5,-800.0,Loss
2025-10-06,NQZ5,2025-10-06 10:42:00-04:00,25116.75,2025-10-06 13:23:00-04:00,25216.75,-800.0,Loss
2025-10-07,NQZ5,2025-10-07 09:55:00-04:00,25263.25,2025-10-07 11:03:00-04:00,25163.25,-800.0,Loss
2025-10-08,NQZ5,2025-10-08 09:47:00-04:00,25153.0,2025-10-08 11:50:00-04:00,25253.0,800.0,Win
2025-10-09,NQZ5,2025-10-09 09:45:00-04:00,25258.75,2025-10-09 15:54:00-04:00,25285.0,-210.0,Loss
2025-10-10,NQZ5,2025-10-10 09:45:00-04:00,25376.75,2025-10-10 10:57:00-04:00,25276.75,-800.0,Loss
2025-10-13,NQZ5,2025-10-13 09:50:00-04:00,24842.75,2025-10-13 12:56:00-04:00,24942.75,800.0,Win
2025-10-14,NQZ5,2025-10-14 09:45:00-04:00,24430.75,2025-10-14 09:53:00-04:00,24530.75,-800.0,Loss
2025-10-15,NQZ5,2025-10-15 09:48:00-04:00,24920.5,2025-10-15 09:58:00-04:00,25020.5,-800.0,Loss
2025-10-16,NQZ5,2025-10-16 09:45:00-04:00,25106.5,2025-10-16 11:30:00-04:00,25006.5,-800.0,Loss
2025-10-17,NQZ5,2025-10-17 09:52:00-04:00,24818.5,2025-10-17 10:13:00-04:00,24918.5,800.0,Win
2025-10-20,NQZ5,2025-10-20 09:49:00-04:00,25225.0,2025-10-20 11:25:00-04:00,25325.0,800.0,Win
2025-10-21,NQZ5,2025-10-21 09:46:00-04:00,25233.0,2025-10-21 12:01:00-04:00,25333.0,-800.0,Loss
2025-10-22,NQZ5,2025-10-22 09:51:00-04:00,25271.5,2025-10-22 10:27:00-04:00,25171.5,-800.0,Loss
2025-10-23,NQZ5,2025-10-23 09:45:00-04:00,25092.25,2025-10-23 10:47:00-04:00,25192.25,800.0,Win
2025-10-24,NQZ5,2025-10-24 09:45:00-04:00,25530.5,2025-10-24 15:54:00-04:00,25532.25,14.000000000000002,Win
2025-10-27,NQZ5,2025-10-27 10:01:00-04:00,25859.5,2025-10-27 15:50:00-04:00,25959.5,800.0,Win
2025-10-28,NQZ5,2025-10-28 09:48:00-04:00,26041.5,2025-10-28 12:30:00-04:00,26141.5,-800.0,Loss
2025-10-29,NQZ5,2025-10-29 09:51:00-04:00,26292.75,2025-10-29 14:35:00-04:00,26192.75,-800.0,Loss
2025-10-30,NQZ5,2025-10-30 09:54:00-04:00,26127.5,2025-10-30 10:23:00-04:00,26027.5,-800.0,Loss
2025-10-31,NQZ5,2025-10-31 09:45:00-04:00,26101.25,2025-10-31 12:10:00-04:00,26001.25,800.0,Win
2025-11-03,NQZ5,2025-11-03 09:49:00-05:00,26155.0,2025-11-03 10:26:00-05:00,26055.0,800.0,Win
2025-11-04,NQZ5,2025-11-04 09:49:00-05:00,25782.25,2025-11-04 10:00:00-05:00,25882.25,800.0,Win
2025-11-05,NQZ5,2025-11-05 09:47:00-05:00,25576.5,2025-11-05 09:56:00-05:00,25676.5,800.0,Win
2025-11-06,NQZ5,2025-11-06 09:51:00-05:00,25586.0,2025-11-06 10:00:00-05:00,25486.0,800.0,Win
2025-11-07,NQZ5,2025-11-07 10:06:00-05:00,24917.75,2025-11-07 10:11:00-05:00,25017.75,-800.0,Loss
2025-11-10,NQZ5,2025-11-10 09:45:00-05:00,25640.0,2025-11-10 10:54:00-05:00,25540.0,-800.0,Loss
2025-11-11,NQZ5,2025-11-11 09:49:00-05:00,25588.5,2025-11-11 10:55:00-05:00,25488.5,800.0,Win
2025-11-12,NQZ5,2025-11-12 09:46:00-05:00,25637.25,2025-11-12 10:36:00-05:00,25537.25,800.0,Win
2025-11-13,NQZ5,2025-11-13 09:45:00-05:00,25287.25,2025-11-13 09:53:00-05:00,25387.25,-800.0,Loss
2025-11-14,NQZ5,2025-11-14 09:45:00-05:00,24844.75,2025-11-14 09:54:00-05:00,24944.75,800.0,Win
2025-11-17,NQZ5,2025-11-17 09:46:00-05:00,25199.75,2025-11-17 10:08:00-05:00,25099.75,-800.0,Loss
2025-11-18,NQZ5,2025-11-18 09:45:00-05:00,24645.5,2025-11-18 09:55:00-05:00,24545.5,800.0,Win
2025-11-19,NQZ5,2025-11-19 09:45:00-05:00,24758.75,2025-11-19 09:56:00-05:00,24858.75,800.0,Win
2025-11-20,NQZ5,2025-11-20 09:47:00-05:00,25249.0,2025-11-20 11:00:00-05:00,25149.0,-800.0,Loss
2025-11-21,NQZ5,2025-11-21 09:45:00-05:00,24153.0,2025-11-21 09:54:00-05:00,24253.0,-800.0,Loss
2025-11-24,NQZ5,2025-11-24 10:02:00-05:00,24722.75,2025-11-24 11:03:00-05:00,24822.75,800.0,Win
2025-11-25,NQZ5,2025-11-25 09:45:00-05:00,24719.0,2025-11-25 09:50:00-05:00,24619.0,800.0,Win
2025-11-26,NQZ5,2025-11-26 09:50:00-05:00,25270.5,2025-11-26 09:59:00-05:00,25170.5,-800.0,Loss
2025-11-27,NQZ5,2025-11-27 11:04:00-05:00,25287.0,2025-11-27 12:59:00-05:00,25301.75,-118.0,Loss
2025-11-28,NQZ5,2025-11-28 11:06:00-05:00,25422.0,2025-11-28 13:14:00-05:00,25484.5,500.0,Win
2025-12-01,NQZ5,2025-12-01 09:48:00-05:00,25322.0,2025-12-01 11:42:00-05:00,25422.0,800.0,Win
2025-12-02,NQZ5,2025-12-02 10:00:00-05:00,25613.0,2025-12-02 11:21:00-05:00,25513.0,-800.0,Loss
2025-12-03,NQZ5,2025-12-03 09:53:00-05:00,25453.0,2025-12-03 10:02:00-05:00,25553.0,-800.0,Loss
2025-12-04,NQZ5,2025-12-04 09:58:00-05:00,25550.75,2025-12-04 12:01:00-05:00,25650.75,-800.0,Loss
2025-12-05,NQZ5,2025-12-05 09:53:00-05:00,25777.25,2025-12-05 11:31:00-05:00,25677.25,-800.0,Loss
2025-12-08,NQZ5,2025-12-08 09:48:00-05:00,25771.5,2025-12-08 10:26:00-05:00,25671.5,800.0,Win
2025-12-09,NQZ5,2025-12-09 10:02:00-05:00,25653.5,2025-12-09 15:54:00-05:00,25695.5,336.0,Win
2025-12-10,NQZ5,2025-12-10 09:47:00-05:00,25663.75,2025-12-10 10:55:00-05:00,25563.75,-800.0,Loss
2025-12-11,NQZ5,2025-12-11 09:45:00-05:00,25556.0,2025-12-11 09:53:00-05:00,25456.0,800.0,Win
2025-12-12,NQZ5,2025-12-12 09:48:00-05:00,25528.5,2025-12-12 10:08:00-05:00,25428.5,800.0,Win
2025-12-15,NQH6,2025-12-15 09:45:00-05:00,25541.25,2025-12-15 10:00:00-05:00,25441.25,800.0,Win
2025-12-16,NQH6,2025-12-16 09:46:00-05:00,25209.75,2025-12-16 09:47:00-05:00,25309.75,-800.0,Loss
2025-12-17,NQH6,2025-12-17 09:45:00-05:00,25296.75,2025-12-17 10:36:00-05:00,25196.75,800.0,Win
2025-12-18,NQH6,2025-12-18 09:49:00-05:00,25172.75,2025-12-18 09:57:00-05:00,25272.75,-800.0,Loss
2025-12-19,NQH6,2025-12-19 09:45:00-05:00,25548.5,2025-12-19 15:54:00-05:00,25582.0,268.0,Win
2025-12-22,NQH6,2025-12-22 10:31:00-05:00,25672.25,2025-12-22 15:54:00-05:00,25700.5,-226.0,Loss
2025-12-23,NQH6,2025-12-23 09:45:00-05:00,25738.0,2025-12-23 10:03:00-05:00,25638.0,-800.0,Loss
2025-12-24,NQH6,2025-12-24 10:10:00-05:00,25827.5,2025-12-24 13:14:00-05:00,25864.75,298.0,Win
2025-12-26,NQH6,2025-12-26 09:45:00-05:00,25931.5,2025-12-26 15:54:00-05:00,25861.5,-560.0,Loss
2025-12-29,NQH6,2025-12-29 10:14:00-05:00,25664.25,2025-12-29 10:35:00-05:00,25764.25,-800.0,Loss
2025-12-30,NQH6,2025-12-30 09:45:00-05:00,25681.75,2025-12-30 11:20:00-05:00,25781.75,-800.0,Loss
2025-12-31,NQH6,2025-12-31 09:45:00-05:00,25609.25,2025-12-31 15:01:00-05:00,25509.25,800.0,Win
2026-01-02,NQH6,2026-01-02 09:47:00-05:00,25733.5,2026-01-02 10:12:00-05:00,25633.5,-800.0,Loss
2026-01-05,NQH6,2026-01-05 10:28:00-05:00,25672.5,2026-01-05 13:17:00-05:00,25572.5,-800.0,Loss
2026-01-06,NQH6,2026-01-06 09:45:00-05:00,25677.75,2026-01-06 10:26:00-05:00,25777.75,800.0,Win
2026-01-07,NQH6,2026-01-07 09:46:00-05:00,25864.25,2026-01-07 11:56:00-05:00,25964.25,800.0,Win
2026-01-08,NQH6,2026-01-08 09:45:00-05:00,25614.25,2026-01-08 15:54:00-05:00,25691.5,-618.0,Loss
2026-01-09,NQH6,2026-01-09 10:08:00-05:00,25648.5,2026-01-09 10:14:00-05:00,25748.5,-800.0,Loss
2026-01-12,NQH6,2026-01-12 09:50:00-05:00,25892.75,2026-01-12 13:21:00-05:00,25992.75,800.0,Win
2026-01-13,NQH6,2026-01-13 10:02:00-05:00,25930.75,2026-01-13 10:24:00-05:00,25830.75,800.0,Win
2026-01-14,NQH6,2026-01-14 09:45:00-05:00,25620.75,2026-01-14 10:47:00-05:00,25520.75,800.0,Win
2026-01-15,NQH6,2026-01-15 09:45:00-05:00,25946.25,2026-01-15 09:51:00-05:00,25846.25,-800.0,Loss
2026-01-16,NQH6,2026-01-16 09:45:00-05:00,25819.75,2026-01-16 10:00:00-05:00,25719.75,800.0,Win
2026-01-19,NQH6,2026-01-19 09:45:00-05:00,25240.25,2026-01-19 10:06:00-05:00,25340.25,-800.0,Loss
2026-01-20,NQH6,2026-01-20 09:51:00-05:00,25357.25,2026-01-20 10:19:00-05:00,25257.25,-800.0,Loss
